[
   {
      "_id":{
         "$oid":"5c89fef40e99a61e7c4ce5b1"
      },
      "name":"mgo",
      "description":"Go driver for MongoDB",
      "location":"https://github.com/go-mgo/mgo",
      "priority":1,
      "createdon":{
         "$date":"2019-03-14T07:12:52.072Z"
      },
      "tags":[
         "go",
         "nosql",
         "mongodb"
      ]
   },
   {
      "_id":{
         "$oid":"5c89ff5a0e99a602d4bd1b3d"
      },
      "name":"mgo",
      "description":"Go driver for MongoDB",
      "location":"https://github.com/go-mgo/mgo",
      "priority":1,
      "createdon":{
         "$date":"2019-03-14T07:14:34.156Z"
      },
      "tags":[
         "go",
         "nosql",
         "mongodb"
      ]
   },
   {
      "_id":{
         "$oid":"5c89ff600e99a61fa08828a9"
      },
      "name":"mgo",
      "description":"Go driver for MongoDB",
      "location":"https://github.com/go-mgo/mgo",
      "priority":1,
      "createdon":{
         "$date":"2019-03-14T07:14:40.311Z"
      },
      "tags":[
         "go",
         "nosql",
         "mongodb"
      ]
   },
   {
      "_id":{
         "$oid":"5c89ff9e0e99a633843157cd"
      },
      "name":"mgo",
      "description":"Go driver for MongoDB",
      "location":"https://github.com/go-mgo/mgo",
      "priority":1,
      "createdon":{
         "$date":"2019-03-14T07:15:42.447Z"
      },
      "tags":[
         "go",
         "nosql",
         "mongodb"
      ]
   },
   {
      "_id":{
         "$oid":"5c89ffa00e99a60b5c8d41ad"
      },
      "name":"mgo",
      "description":"Go driver for MongoDB",
      "location":"https://github.com/go-mgo/mgo",
      "priority":1,
      "createdon":{
         "$date":"2019-03-14T07:15:44.922Z"
      },
      "tags":[
         "go",
         "nosql",
         "mongodb"
      ]
   },
   {
      "_id":{
         "$oid":"5c89ffa30e99a60660f12fdd"
      },
      "name":"son123",
      "description":"Go driver for MongoDB",
      "location":"https://github.com/go-mgo/mgo",
      "priority":1,
      "createdon":{
         "$date":"2019-03-14T07:15:47.610Z"
      },
      "tags":[
         "go",
         "nosql",
         "mongodb"
      ]
   },
   {
      "_id":{
         "$oid":"5c89ffa60e99a62a8c383edd"
      },
      "name":"mgo",
      "description":"Go driver for MongoDB",
      "location":"https://github.com/go-mgo/mgo",
      "priority":1,
      "createdon":{
         "$date":"2019-03-14T07:15:50.450Z"
      },
      "tags":[
         "go",
         "nosql",
         "mongodb"
      ]
   },
   {
      "_id":{
         "$oid":"5c89ffab0e99a6183825ead5"
      },
      "name":"ngocson",
      "description":"Go driver for MongoDB",
      "location":"https://github.com/go-mgo/mgo",
      "priority":1,
      "createdon":{
         "$date":"2019-03-14T07:15:55.653Z"
      },
      "tags":[
         "go",
         "nosql",
         "mongodb"
      ]
   },
   {
      "_id":{
         "$oid":"5c8a116a0e99a62a44bd291d"
      },
      "name":"ngocson",
      "description":"testthem",
      "location":"testthem TMA",
      "priority":1,
      "createdon":{
         "$date":"2019-03-14T08:31:38.896Z"
      },
      "tags":[
         "go",
         "nosql",
         "mongodb"
      ]
   },
   {
      "_id":{
         "$oid":"5c8a13260e99a62a44bd291e"
      },
      "name":"mgo",
      "description":"ngocson",
      "location":"ngocosndasodladlkahdla",
      "priority":1,
      "createdon":{
         "$date":"2019-03-14T08:39:02.258Z"
      },
      "tags":[
         "go",
         "nosql",
         "mongodb"
      ]
   }
]