[
{
    "Code": "CA001",
    "Name": "Ice Blended Coffee",
    "Image":"",
    "CreatedOn": {
        "$date": {
            "$numberLong": "1553781317171"
        }
    },
    "Status": true
},
{
    "Code": "CA002",
    "Name": "Chocolate",
    "Image":"",
    "CreatedOn": {
        "$date": {
            "$numberLong": "1553781317171"
        }
    },
    "Status": true
},
{
    "Code": "CA003",
    "Name": "Mocktail & Smoothie",
    "Image":"",
    "CreatedOn": {
        "$date": {
            "$numberLong": "1553781317171"
        }
    },
    "Status": true
},
{
    "Code": "CA004",
    "Name": "Vietnamese Coffee",
    "Image":"",
    "CreatedOn": {
        "$date": {
            "$numberLong": "1553781317171"
        }
    },
    "Status": true
},
{
    "Code": "CA005",
    "Name": "Expresso",
    "Image":"",
    "CreatedOn": {
        "$date": {
            "$numberLong": "1553781317171"
        }
    },
    "Status": true
},
{
    "Code": "CA006",
    "Name": "Special Tea",
    "Image":"",
    "CreatedOn": {
        "$date": {
            "$numberLong": "1553781317171"
        }
    },
    "Status": true
}
]




