[
    {
        "FoodID": "FO001",
        "FoodName": "Mocha Ice Blended",
        "Price": {
            "$numberInt": "59000"
        },
        "Size": "Medium",
        "CreatedOn": {
            "$date": {
                "$numberLong": "1554139277171"
            }
        },
        "CategoryID": "CA001",
        "Status": true
    },
    {
        "FoodID": "FO002",
        "FoodName": "Caramel Ice Blended",
        "Price": {
            "$numberInt": "59000"
        },
        "Size": "Medium",
        "CreatedOn": {
            "$date": {
                "$numberLong": "1554139277171"
            }
        },
        "CategoryID": "CA001",
        "Status": true
    },
    {
        "FoodID": "FO003",
        "FoodName": "Hazelnut Ice Blended",
        "Price": {
            "$numberInt": "59000"
        },
        "Size": "Medium",
        "CreatedOn": {
            "$date": {
                "$numberLong": "1554139277171"
            }
        },
        "CategoryID": "CA001",
        "Status": true
    },
    {
        "FoodID": "FO004",
        "FoodName": "Cookie Ice Blended",
        "Price": {
            "$numberInt": "59000"
        },
        "Size": "Medium",
        "CreatedOn": {
            "$date": {
                "$numberLong": "1554139277171"
            }
        },
        "CategoryID": "CA001",
        "Status": true
    },
    {
        "FoodID": "FO005",
        "FoodName": "Hot Chocolate Toffee Almond",
        "Price": {
            "$numberInt": "59000"
        },
        "Size": "Large",
        "CreatedOn": {
            "$date": {
                "$numberLong": "1554139277171"
            }
        },
        "CategoryID": "CA002",
        "Status": true
    },
    {
        "FoodID": "FO006",
        "FoodName": "Iced Chocolate Mocha Almod",
        "Price": {
            "$numberInt": "59000"
        },
        "Size": "Large",
        "CreatedOn": {
            "$date": {
                "$numberLong": "1554139277171"
            }
        },
        "CategoryID": "CA002",
        "Status": true
    },
    {
        "FoodID": "FO007",
        "FoodName": "Chocolate Ice Blended",
        "Price": {
            "$numberInt": "59000"
        },
        "Size": "Large",
        "CreatedOn": {
            "$date": {
                "$numberLong": "1554139277171"
            }
        },
        "CategoryID": "CA002",
        "Status": true
    },
    {
        "FoodID": "FO008",
        "FoodName": "Green Apple Soda",
        "Price": {
            "$numberInt": "45000"
        },
        "Size": "Medium",
        "CreatedOn": {
            "$date": {
                "$numberLong": "1554139277171"
            }
        },
        "CategoryID": "CA003",
        "Status": true
    },
    {
        "FoodID": "FO009",
        "FoodName": "Raspberry Soda",
        "Price": {
            "$numberInt": "45000"
        },
        "Size": "Medium",
        "CreatedOn": {
            "$date": {
                "$numberLong": "1554139277171"
            }
        },
        "CategoryID": "CA003",
        "Status": true
    },
    {
        "FoodID": "FO0010",
        "FoodName": "Blueberry Soda",
        "Price": {
            "$numberInt": "45000"
        },
        "Size": "Medium",
        "CreatedOn": {
            "$date": {
                "$numberLong": "1554139277171"
            }
        },
        "CategoryID": "CA003",
        "Status": true
    },
    {
        "FoodID": "FO011",
        "FoodName": "Mojito Lemon",
        "Price": {
            "$numberInt": "45000"
        },
        "Size": "Medium",
        "CreatedOn": {
            "$date": {
                "$numberLong": "1554139277171"
            }
        },
        "CategoryID": "CA003",
        "Status": true
    },
    {
        "FoodID": "FO012",
        "FoodName": "Mojito Passion Fruit",
        "Price": {
            "$numberInt": "45000"
        },
        "Size": "Medium",
        "CreatedOn": {
            "$date": {
                "$numberLong": "1554139277171"
            }
        },
        "CategoryID": "CA003",
        "Status": true
    },
    {
        "FoodID": "FO013",
        "FoodName": "Blueberry Smoothie",
        "Price": {
            "$numberInt": "59000"
        },
        "Size": "Large",
        "CreatedOn": {
            "$date": {
                "$numberLong": "1554139277171"
            }
        },
        "CategoryID": "CA003",
        "Status": true
    },
    {
        "FoodID": "FO014",
        "FoodName": "Stawberry Guava Cookies Smoothie",
        "Price": {
            "$numberInt": "59000"
        },
        "Size": "Large",
        "CreatedOn": {
            "$date": {
                "$numberLong": "1554139277171"
            }
        },
        "CategoryID": "CA003",
        "Status": true
    },
    {
        "FoodID": "FO015",
        "FoodName": "Mango Orange Cookies Smoothie",
        "Price": {
            "$numberInt": "59000"
        },
        "Size": "Large",
        "CreatedOn": {
            "$date": {
                "$numberLong": "1554139277171"
            }
        },
        "CategoryID": "CA003",
        "Status": true
    },
    {
        "FoodID": "FO016",
        "FoodName": "Fresh Orange Juice",
        "Price": {
            "$numberInt": "65000"
        },
        "Size": "Large",
        "CreatedOn": {
            "$date": {
                "$numberLong": "1554139277171"
            }
        },
        "CategoryID": "CA003",
        "Status": true
    },
    {
        "FoodID": "FO017",
        "FoodName": "VietFoodNamese Coffee",
        "Price": {
            "$numberInt": "29000"
        },
        "Size": "Small",
        "CreatedOn": {
            "$date": {
                "$numberLong": "1554139277171"
            }
        },
        "CategoryID": "CA004",
        "Status": true
    },
    {
        "FoodID": "FO018",
        "FoodName": "VietFoodNamese Coffee",
        "Price": {
            "$numberInt": "39000"
        },
        "Size": "Medium",
        "CreatedOn": {
            "$date": {
                "$numberLong": "1554139277171"
            }
        },
        "CategoryID": "CA004",
        "Status": true
    },
    {
        "FoodID": "FO019",
        "FoodName": "VietFoodNamese White Coffee",
        "Price": {
            "$numberInt": "29000"
        },
        "Size": "Small",
        "CreatedOn": {
            "$date": {
                "$numberLong": "1554139277171"
            }
        },
        "CategoryID": "CA004",
        "Status": true
    },
    {
        "FoodID": "FO020",
        "FoodName": "VietFoodNamese White Coffee",
        "Price": {
            "$numberInt": "39000"
        },
        "Size": "Medium",
        "CreatedOn": {
            "$date": {
                "$numberLong": "1554139277171"
            }
        },
        "CategoryID": "CA004",
        "Status": true
    },
    {
        "FoodID": "FO021",
        "FoodName": "VietFoodNamese Milk Coffee",
        "Price": {
            "$numberInt": "29000"
        },
        "Size": "Small",
        "CreatedOn": {
            "$date": {
                "$numberLong": "1554139277171"
            }
        },
        "CategoryID": "CA004",
        "Status": true
    },
    {
        "FoodID": "FO022",
        "FoodName": "VietFoodNamese Milk Coffee",
        "Price": {
            "$numberInt": "39000"
        },
        "Size": "Medium",
        "CreatedOn": {
            "$date": {
                "$numberLong": "1554139277171"
            }
        },
        "CategoryID": "CA004",
        "Status": true
    },
    {
        "FoodID": "FO023",
        "FoodName": "Expresso",
        "Price": {
            "$numberInt": "35000"
        },
        "Size": "Small",
        "CreatedOn": {
            "$date": {
                "$numberLong": "1554139277171"
            }
        },
        "CategoryID": "CA005",
        "Status": true
    },
    {
        "FoodID": "FO024",
        "FoodName": "Expresso",
        "Price": {
            "$numberInt": "45000"
        },
        "Size": "Medium",
        "CreatedOn": {
            "$date": {
                "$numberLong": "1554139277171"
            }
        },
        "CategoryID": "CA005",
        "Status": true
    },
    {
        "FoodID": "FO025",
        "FoodName": "Condensed Milk Espresso",
        "Price": {
            "$numberInt": "35000"
        },
        "Size": "Small",
        "CreatedOn": {
            "$date": {
                "$numberLong": "1554139277171"
            }
        },
        "CategoryID": "CA005",
        "Status": true
    },
    {
        "FoodID": "FO026",
        "FoodName": "Condensed Milk Espresso",
        "Price": {
            "$numberInt": "45000"
        },
        "Size": "Medium",
        "CreatedOn": {
            "$date": {
                "$numberLong": "1554139277171"
            }
        },
        "CategoryID": "CA005",
        "Status": true
    },
    {
        "FoodID": "FO027",
        "FoodName": "Americano",
        "Price": {
            "$numberInt": "39000"
        },
        "Size": "Small",
        "CreatedOn": {
            "$date": {
                "$numberLong": "1554139277171"
            }
        },
        "CategoryID": "CA005",
        "Status": true
    },
    {
        "FoodID": "FO028",
        "FoodName": "Americano",
        "Price": {
            "$numberInt": "49000"
        },
        "Size": "Medium",
        "CreatedOn": {
            "$date": {
                "$numberLong": "1554139277171"
            }
        },
        "CategoryID": "CA005",
        "Status": true
    },
    {
        "FoodID": "FO029",
        "FoodName": "Cappuchino",
        "Price": {
            "$numberInt": "45000"
        },
        "Size": "Small",
        "CreatedOn": {
            "$date": {
                "$numberLong": "1554139277171"
            }
        },
        "CategoryID": "CA005",
        "Status": true
    },
    {
        "FoodID": "FO030",
        "FoodName": "Cappuchino",
        "Price": {
            "$numberInt": "55000"
        },
        "Size": "Medium",
        "CreatedOn": {
            "$date": {
                "$numberLong": "1554139277171"
            }
        },
        "CategoryID": "CA005",
        "Status": true
    },
    {
        "FoodID": "FO031",
        "FoodName": "Latte",
        "Price": {
            "$numberInt": "45000"
        },
        "Size": "Small",
        "CreatedOn": {
            "$date": {
                "$numberLong": "1554139277171"
            }
        },
        "CategoryID": "CA005",
        "Status": true
    },
    {
        "FoodID": "FO032",
        "FoodName": "Latte",
        "Price": {
            "$numberInt": "55000"
        },
        "Size": "Medium",
        "CreatedOn": {
            "$date": {
                "$numberLong": "1554139277171"
            }
        },
        "CategoryID": "CA005",
        "Status": true
    },
    {
        "FoodID": "FO033",
        "FoodName": "Mocha",
        "Price": {
            "$numberInt": "49000"
        },
        "Size": "Small",
        "CreatedOn": {
            "$date": {
                "$numberLong": "1554139277171"
            }
        },
        "CategoryID": "CA005",
        "Status": true
    },
    {
        "FoodID": "FO034",
        "FoodName": "Mocha",
        "Price": {
            "$numberInt": "59000"
        },
        "Size": "Medium",
        "CreatedOn": {
            "$date": {
                "$numberLong": "1554139277171"
            }
        },
        "CategoryID": "CA005",
        "Status": true
    },
    {
        "FoodID": "FO035",
        "FoodName": "Caramel Macchiato",
        "Price": {
            "$numberInt": "55"
        },
        "Size": "Small",
        "CreatedOn": {
            "$date": {
                "$numberLong": "1554139277171"
            }
        },
        "CategoryID": "CA005",
        "Status": true
    },
    {
        "FoodID": "FO036",
        "FoodName": "Caramel Macchiato",
        "Price": {
            "$numberInt": "65000"
        },
        "Size": "Medium",
        "CreatedOn": {
            "$date": {
                "$numberLong": "1554139277171"
            }
        },
        "CategoryID": "CA005",
        "Status": true
    },
    {
        "FoodID": "FO037",
        "FoodName": "Black Tea",
        "Price": {
            "$numberInt": "35000"
        },
        "Size": "Small",
        "CreatedOn": {
            "$date": {
                "$numberLong": "1554139277171"
            }
        },
        "CategoryID": "CA006",
        "Status": true
    },
    {
        "FoodID": "FO038",
        "FoodName": "Flavored Tea",
        "Price": {
            "$numberInt": "35000"
        },
        "Size": "Small",
        "CreatedOn": {
            "$date": {
                "$numberLong": "1554139277171"
            }
        },
        "CategoryID": "CA006",
        "Status": true
    },
    {
        "FoodID": "FO039",
        "FoodName": "Black Tea Macchiato",
        "Price": {
            "$numberInt": "38000"
        },
        "Size": "Small",
        "CreatedOn": {
            "$date": {
                "$numberLong": "1554139277171"
            }
        },
        "CategoryID": "CA006",
        "Status": true
    },
    {
        "FoodID": "FO040",
        "FoodName": "Raspberry Macchiato",
        "Price": {
            "$numberInt": "42"
        },
        "Size": "Small",
        "CreatedOn": {
            "$date": {
                "$numberLong": "1554139277171"
            }
        },
        "CategoryID": "CA006",
        "Status": true
    },
    {
        "FoodID": "FO041",
        "FoodName": "Peach Tea Mania",
        "Price": {
            "$numberInt": "42000"
        },
        "Size": "Small",
        "CreatedOn": {
            "$date": {
                "$numberLong": "1554139277171"
            }
        },
        "CategoryID": "CA006",
        "Status": true
    },
    {
        "FoodID": "FO042",
        "FoodName": "Peach Tea Mania",
        "Price": {
            "$numberInt": "55000"
        },
        "Size": "Medium",
        "CreatedOn": {
            "$date": {
                "$numberLong": "1554139277171"
            }
        },
        "CategoryID": "CA006",
        "Status": true
    },
    {
        "FoodID": "FO043",
        "FoodName": "Matcha Latte",
        "Price": {
            "$numberInt": "55000"
        },
        "Size": "Medium",
        "CreatedOn": {
            "$date": {
                "$numberLong": "1554139277171"
            }
        },
        "CategoryID": "CA006",
        "Status": true
    },
    {
        "FoodID": "FO044",
        "FoodName": "Matcha Ice Blended",
        "Price": {
            "$numberInt": "59000"
        },
        "Size": "Medium",
        "CreatedOn": {
            "$date": {
                "$numberLong": "1554139277171"
            }
        },
        "CategoryID": "CA006",
        "Status": true
    }
]