[
    {
        "OrderID":"OD00001",
        "BranchID":"BR001",
        "CreatedOn":ISODate("2017-02-08T12:10:40Z"),
        "CreatedBy":"namanh",
        "UpdatedOn":ISODate("2017-02-08T12:25:40Z"),
        "UpdatedBy":"namanh",
        "FinishedOn":ISODate("2017-02-08T12:15:40Z"),
        "FinishedBy":"nhusang",
        "TimeDone":300,
        "CustomerPhoneNumber":null,
        "Discount":0,
        "Total":1770000,
        "Cash":1770000,
        "Change":0,
        "StatusOrder":"Completed",
        "Status": true
    },
    {
        "OrderID":"OD00002",
        "BranchID":"BR001",
        "CreatedOn":ISODate("2019-04-05T10:01:00.000+00:00"),
        "CreatedBy":"namanh",
        "UpdatedOn":ISODate("2019-04-05T10:16:00.000+00:00"),
        "UpdatedBy":"namanh",
        "FinishedOn":ISODate("2019-04-05T10:06:00.000+00:00"),
        "FinishedBy":"nhusang",
        "TimeDone":300,
        "CustomerPhoneNumber":null,
        "Discount":0,
        "Total":1630000,
        "Cash":1800000,
        "Change":170000,
        "StatusOrder":"Completed",
        "Status": true
    },
    {
        "OrderID":"OD00003",
        "BranchID":"BR001",
        "CreatedOn":ISODate("2019-04-06T10:02:00.000+00:00"),
        "CreatedBy":"namanh",
        "UpdatedOn":ISODate("2019-04-06T10:17:00.000+00:00"),
        "UpdatedBy":"namanh",
        "FinishedOn":ISODate("2019-04-06T10:07:00.000+00:00"),
        "FinishedBy":"trangthao",
        "TimeDone":300,
        "CustomerPhoneNumber":null,
        "Discount":0,
        "Total":1830000,
        "Cash":2000000,
        "Change":170000,
        "StatusOrder":"Completed",
        "Status": true
    },
    {
        "OrderID":"OD00004",
        "BranchID":"BR001",
        "CreatedOn":ISODate("2019-04-07T10:01:00.000+00:00"),
        "CreatedBy":"namanh",
        "UpdatedOn":null,
        "UpdatedBy":null,
        "FinishedOn":null,
        "FinishedBy":null,
        "TimeDone":null,
        "CustomerPhoneNumber":null,
        "Discount":0,
        "Total":1180000,
        "Cash":null,
        "Change":null,
        "StatusOrder":"Ordered",
        "Status": true
    },
    {
        "OrderID":"OD00005",
        "BranchID":"BR001",
        "CreatedOn":ISODate("2019-04-07T11:00:00.000+00:00"),
        "CreatedBy":"namanh",
        "UpdatedOn":ISODate("2019-04-07T11:01:00.000+00:00"),
        "UpdatedBy":"nhusang",
        "FinishedOn":null,
        "FinishedBy":null,
        "TimeDone":null,
        "CustomerPhoneNumber":null,
        "Discount":0,
        "Total":1040000,
        "Cash":null,
        "Change":null,
        "StatusOrder":"InProcess",
        "Status": true
    },
    {
        "OrderID":"OD00006",
        "BranchID":"BR001",
        "CreatedOn":ISODate("2019-04-07T12:01:00.000+00:00"),
        "CreatedBy":"namanh",
        "UpdatedOn":ISODate("2019-04-07T12:10:00.000+00:00"),
        "UpdatedBy":"nhusang",
        "FinishedOn":ISODate("2019-04-07T12:06:00.000+00:00"),
        "FinishedBy":"nhusang",
        "TimeDone":300,
        "CustomerPhoneNumber":null,
        "Discount":0,
        "Total":940000,
        "Cash":null,
        "Change":null,
        "StatusOrder":"Finished",
        "Status": true
    },
    {
        "OrderID":"OD00007",
        "BranchID":"BR001",
        "CreatedOn":ISODate("2019-04-07T13:01:00.000+00:00"),
        "CreatedBy":"namanh",
        "UpdatedOn":ISODate("2019-04-07T13:18:00.000+00:00"),
        "UpdatedBy":"duongtong",
        "FinishedOn":ISODate("2019-04-07T13:15:00.000+00:00"),
        "FinishedBy":"nhusang",
        "TimeDone":840,
        "CustomerPhoneNumber":null,
        "Discount":0,
        "Total":740000,
        "Cash":null,
        "Change":null,
        "StatusOrder":"Served",
        "Status": true
    },
    {
        "OrderID":"OD00008",
        "BranchID":"BR001",
        "CreatedOn":ISODate("2019-04-08T13:01:00.000+00:00"),
        "CreatedBy":"namanh",
        "UpdatedOn":ISODate("2019-04-08T15:00:00.000+00:00"),
        "UpdatedBy":"boss",
        "FinishedOn":ISODate("2019-04-08T13:15:00.000+00:00"),
        "FinishedBy":"nhusang",
        "TimeDone":840,
        "CustomerPhoneNumber":null,
        "Discount":0,
        "Total":740000,
        "Cash":740000,
        "Change":0,
        "StatusOrder":"Completed",
        "Status": false
    },
    {
        "OrderID":"OD00009",
        "BranchID":"BR001",
        "CreatedOn":ISODate("2019-04-08T14:01:00.000+00:00"),
        "CreatedBy":"namanh",
        "UpdatedOn":ISODate("2019-04-08T15:01:00.000+00:00"),
        "UpdatedBy":"boss",
        "FinishedOn":ISODate("2019-04-08T14:15:00.000+00:00"),
        "FinishedBy":"nhusang",
        "TimeDone":840,
        "CustomerPhoneNumber":null,
        "Discount":0,
        "Total":740000,
        "Cash":1000000,
        "Change":260000,
        "StatusOrder":"Completed",
        "Status": false
    },
    {
        "OrderID":"OD00010",
        "BranchID":"BR001",
        "CreatedOn":ISODate("2019-04-08T14:10:00.000+00:00"),
        "CreatedBy":"namanh",
        "UpdatedOn":ISODate("2019-04-08T15:02:00.000+00:00"),
        "UpdatedBy":"boss",
        "FinishedOn":ISODate("2019-04-08T14:15:00.000+00:00"),
        "FinishedBy":"nhusang",
        "TimeDone":300,
        "CustomerPhoneNumber":null,
        "Discount":0,
        "Total":740000,
        "Cash":null,
        "Change":null,
        "StatusOrder":"Served",
        "Status": false
    }
]