[
    {
        "OrderID":"OD00001",
        "FoodID":"FO004",
        "FoodName":"Cookie Ice Blended",
        "Size":"Medium",
        "Price":59000,
        "Quantity":10,
        "Sum":590000,
        "Note":"It nuoc. Nhieu da"
    },
    {
        "OrderID":"OD00001",
        "FoodID":"FO002",
        "FoodName":"Caramel Ice Blended",
        "Size":"Medium",
        "Price":59000,
        "Quantity":10,
        "Sum":590000,
        "Note":"50% muoi. 25% knorr"
    },
    {
        "OrderID":"OD00001",
        "FoodID":"FO005",
        "FoodName":"Hot Chocolate Toffee Almond",
        "Size":"Large",
        "Price":59000,
        "Quantity":10,
        "Sum":590000,
        "Note":""
    },
    {
        "OrderID":"OD00002",
        "FoodID":"FO004",
        "FoodName":"Cookie Ice Blended",
        "Size":"Medium",
        "Price":59000,
        "Quantity":10,
        "Sum":590000,
        "Note":""
    },
    {
        "OrderID":"OD00002",
        "FoodID":"FO002",
        "FoodName":"Caramel Ice Blended",
        "Size":"Medium",
        "Price":59000,
        "Quantity":10,
        "Sum":590000,
        "Note":""
    },
    {
        "OrderID":"OD00002",
        "FoodID":"FO008",
        "FoodName":"Green Apple Soda",
        "Size":"Medium",
        "Price":45000,
        "Quantity":10,
        "Sum":450000,
        "Note":""
    },
    {
        "OrderID":"OD00003",
        "FoodID":"FO004",
        "FoodName":"Cookie Ice Blended",
        "Size":"Medium",
        "Price":59000,
        "Quantity":10,
        "Sum":590000,
        "Note":""
    },
    {
        "OrderID":"OD00003",
        "FoodID":"FO002",
        "FoodName":"Caramel Ice Blended",
        "Size":"Medium",
        "Price":59000,
        "Quantity":10,
        "Sum":590000,
        "Note":""
    },
    {
        "OrderID":"OD00003",
        "FoodID":"FO016",
        "FoodName":"Fresh Orange Juice",
        "Size":"Large",
        "Price":65000,
        "Quantity":10,
        "Sum":650000,
        "Note":"50% chua"
    },
    {
        "OrderID":"OD00004",
        "FoodID":"FO006",
        "FoodName":"Iced Chocolate Mocha Almod",
        "Size":"Large",
        "Price":59000,
        "Quantity":10,
        "Sum":590000,
        "Note":""
    },
    {
        "OrderID":"OD00004",
        "FoodID":"FO007",
        "FoodName":"Chocolate Ice Blended",
        "Size":"Large",
        "Price":59000,
        "Quantity":10,
        "Sum":590000,
        "Note":""
    },
    {
        "OrderID":"OD00005",
        "FoodID":"FO006",
        "FoodName":"Blueberry Soda",
        "Size":"Medium",
        "Price":45000,
        "Quantity":10,
        "Sum":450000,
        "Note":""
    },
    {
        "OrderID":"OD00005",
        "FoodID":"FO007",
        "FoodName":"Chocolate Ice Blended",
        "Size":"Large",
        "Price":59000,
        "Quantity":10,
        "Sum":590000,
        "Note":""
    },
    {
        "OrderID":"OD00006",
        "FoodID":"FO016",
        "FoodName":"Fresh Orange Juice",
        "Size":"Large",
        "Price":65000,
        "Quantity":10,
        "Sum":650000,
        "Note":""
    },
    {
        "OrderID":"OD00006",
        "FoodID":"FO017",
        "FoodName":"VietFoodNamese Coffee",
        "Size":"Small",
        "Price":29000,
        "Quantity":10,
        "Sum":290000,
        "Note":""
    },
    {
        "OrderID":"OD00007",
        "FoodID":"FO011",
        "FoodName":"Mojito Lemon",
        "Size":"Medium",
        "Price":45000,
        "Quantity":10,
        "Sum":450000,
        "Note":""
    },
    {
        "OrderID":"OD00007",
        "FoodID":"FO017",
        "FoodName":"VietFoodNamese Coffee",
        "Size":"Small",
        "Price":29000,
        "Quantity":10,
        "Sum":290000,
        "Note":""
    },
    {
        "OrderID":"OD00008",
        "FoodID":"FO011",
        "FoodName":"Mojito Lemon",
        "Size":"Medium",
        "Price":45000,
        "Quantity":10,
        "Sum":450000,
        "Note":""
    },
    {
        "OrderID":"OD00008",
        "FoodID":"FO017",
        "FoodName":"VietFoodNamese Coffee",
        "Size":"Small",
        "Price":29000,
        "Quantity":10,
        "Sum":290000,
        "Note":""
    },
    {
        "OrderID":"OD00009",
        "FoodID":"FO011",
        "FoodName":"Mojito Lemon",
        "Size":"Medium",
        "Price":45000,
        "Quantity":10,
        "Sum":450000,
        "Note":""
    },
    {
        "OrderID":"OD00009",
        "FoodID":"FO017",
        "FoodName":"VietFoodNamese Coffee",
        "Size":"Small",
        "Price":29000,
        "Quantity":10,
        "Sum":290000,
        "Note":""
    },
    {
        "OrderID":"OD00010",
        "FoodID":"FO011",
        "FoodName":"Mojito Lemon",
        "Size":"Medium",
        "Price":45000,
        "Quantity":10,
        "Sum":450000,
        "Note":""
    },
    {
        "OrderID":"OD00010",
        "FoodID":"FO017",
        "FoodName":"VietFoodNamese Coffee",
        "Size":"Small",
        "Price":29000,
        "Quantity":10,
        "Sum":290000,
        "Note":""
    }
]