[
    {
        "PermissionID": "PM001",
        "PermissionType": "User_Create",
        "Description": "Create a new User",
        "Status": true
    },
    {
        "PermissionID": "PM002",
        "PermissionType": "User_ReadAll",
        "Description": "Read all Users",
        "Status": true
    },
    {
        "PermissionID": "PM003",
        "PermissionType": "User_ReadOne",
        "Description": "Read one User profile",
        "Status": true
    },
    {
        "PermissionID": "PM004",
        "PermissionType": "User_Update",
        "Description": "Update one User profile",
        "Status": true
    },
    {
        "PermissionID": "PM005",
        "PermissionType": "User_Disable",
        "Description": "Disable one User profile",
        "Status": true
    },
    {
        "PermissionID": "PM006",
        "PermissionType": "User_ReadMine",
        "Description": "Read the profile of the current User",
        "Status": true
    },
    {
        "PermissionID": "PM007",
        "PermissionType": "Category_ReadAll",
        "Description": "Read all Categories",
        "Status": true
    },
    {
        "PermissionID": "PM008",
        "PermissionType": "Category_ReadOne",
        "Description": "Read the information of a Category",
        "Status": true
    },
    {
        "PermissionID": "PM009",
        "PermissionType": "Category_Create",
        "Description": "Create a new Category",
        "Status": true
    },
    {
        "PermissionID": "PM010",
        "PermissionType": "Category_Update",
        "Description": "Update a Category",
        "Status": true
    },
    {
        "PermissionID": "PM011",
        "PermissionType": "Category_Disable",
        "Description": "Disable a Category",
        "Status": true
    },
    {
        "PermissionID": "PM012",
        "PermissionType": "Food_ReadAll",
        "Description": "Read all Food",
        "Status": true
    },
    {
        "PermissionID": "PM013",
        "PermissionType": "Food_ReadOne",
        "Description": "Read the detail of one Food",
        "Status": true
    },
    {
        "PermissionID": "PM014",
        "PermissionType": "Food_Create",
        "Description": "Create a new Food",
        "Status": true
    },
    {
        "PermissionID": "PM015",
        "PermissionType": "Food_Update",
        "Description": "Update a Food",
        "Status": true
    },
    {
        "PermissionID": "PM016",
        "PermissionType": "Food_Disable",
        "Description": "Disable a Food",
        "Status": true
    },
    {
        "PermissionID": "PM017",
        "PermissionType": "Menu_ReadAll",
        "Description": "Read all Menus",
        "Status": true
    },
    {
        "PermissionID": "PM018",
        "PermissionType": "Menu_ReadOne",
        "Description": "Read the detail of a Menu",
        "Status": true
    },
    {
        "PermissionID": "PM019",
        "PermissionType": "Menu_ReadMine",
        "Description": "Read all Menus of the current Branch",
        "Status": true
    },
    {
        "PermissionID": "PM020",
        "PermissionType": "Menu_Create",
        "Description": "Create a new Menu",
        "Status": true
    },
    {
        "PermissionID": "PM021",
        "PermissionType": "Menu_Update",
        "Description": "Update a Menu",
        "Status": true
    },
    {
        "PermissionID": "PM022",
        "PermissionType": "Menu_Disable",
        "Description": "Disable a Menu",
        "Status": true
    },
    {
        "PermissionID": "PM023",
        "PermissionType": "Customer_ReadAll",
        "Description": "Read all Customers",
        "Status": true
    },
    {
        "PermissionID": "PM024",
        "PermissionType": "Customer_ReadOne",
        "Description": "Read the detail of a Customer",
        "Status": true
    },
    {
        "PermissionID": "PM025",
        "PermissionType": "Customer_Create",
        "Description": "Create a new Customer",
        "Status": true
    },
    {
        "PermissionID": "PM026",
        "PermissionType": "Customer_Update",
        "Description": "Update a Customer",
        "Status": true
    },
    {
        "PermissionID": "PM027",
        "PermissionType": "Customer_Disable",
        "Description": "Disable a Customer",
        "Status": true
    },
    {
        "PermissionID": "PM028",
        "PermissionType": "Rank_ReadAll",
        "Description": "Read all Ranks",
        "Status": true
    },
    {
        "PermissionID": "PM029",
        "PermissionType": "Rank_ReadOne",
        "Description": "Read the detail of a Rank",
        "Status": true
    },
    {
        "PermissionID": "PM030",
        "PermissionType": "Rank_Create",
        "Description": "Create a Rank",
        "Status": true
    },
    {
        "PermissionID": "PM031",
        "PermissionType": "Rank_Update",
        "Description": "Update a Rank",
        "Status": true
    },
    {
        "PermissionID": "PM032",
        "PermissionType": "Rank_Disable",
        "Description": "Disable a Rank",
        "Status": true
    },
    {
        "PermissionID": "PM033",
        "PermissionType": "Employee_ReadAll",
        "Description": "Read all Employees",
        "Status": true
    },
    {
        "PermissionID": "PM034",
        "PermissionType": "Employee_ReadOne",
        "Description": "Read the detail of an Employee",
        "Status": true
    },
    {
        "PermissionID": "PM035",
        "PermissionType": "Employee_ReadMine",
        "Description": "Read the Employee's information of the current User",
        "Status": true
    },
    {
        "PermissionID": "PM036",
        "PermissionType": "Employee_Create",
        "Description": "Create a new Employee",
        "Status": true
    },
    {
        "PermissionID": "PM037",
        "PermissionType": "Employee_Update",
        "Description": "Update a Employee",
        "Status": true
    },
    {
        "PermissionID": "PM038",
        "PermissionType": "Employee_Disable",
        "Description": "Disable a Employee",
        "Status": true
    },
    {
        "PermissionID": "PM039",
        "PermissionType": "Branch_ReadAll",
        "Description": "Read all Branches",
        "Status": true
    },
    {
        "PermissionID": "PM040",
        "PermissionType": "Branch_ReadOne",
        "Description": "Read the detail of a Branch",
        "Status": true
    },
    {
        "PermissionID": "PM041",
        "PermissionType": "Branch_ReadMine",
        "Description": "Read the detail of the current Branch",
        "Status": true
    },
    {
        "PermissionID": "PM042",
        "PermissionType": "Branch_Create",
        "Description": "Create a new Branch",
        "Status": true
    },
    {
        "PermissionID": "PM043",
        "PermissionType": "Branch_Update",
        "Description": "Update a Branch",
        "Status": true
    },
    {
        "PermissionID": "PM044",
        "PermissionType": "Branch_Disable",
        "Description": "Disable a Branch",
        "Status": true
    },
    {
        "PermissionID": "PM045",
        "PermissionType": "Order_ReadAll",
        "Description": "Read all Orders",
        "Status": true
    },
    {
        "PermissionID": "PM046",
        "PermissionType": "Order_ReadOne",
        "Description": "Read the detail of an Order",
        "Status": true
    },
    {
        "PermissionID": "PM047",
        "PermissionType": "Order_ReadMine",
        "Description": "Read all Orders of the current User",
        "Status": true
    },
    {
        "PermissionID": "PM048",
        "PermissionType": "Order_Create",
        "Description": "Create a new Order",
        "Status": true
    },
    {
        "PermissionID": "PM049",
        "PermissionType": "Order_Update",
        "Description": "Update an Order",
        "Status": true
    },
    {
        "PermissionID": "PM050",
        "PermissionType": "Order_Disable",
        "Description": "Disable an Order",
        "Status": true
    }
]