[
    {
        "RankID": "Standard",
        "RankName": "Standard",
        "Discount": {
            "$numberInt": "5"
        },
        "Point": {
            "$numberInt": "100"
        },
        "Status": true
    },
    {
        "RankID": "Premium",
        "RankName": "Premium",
        "Discount": {
            "$numberInt": "10"
        },
        "Point": {
            "$numberInt": "500"
        },
        "Status": true
    },
    {
        "RankID": "VIP",
        "RankName": "VIP",
        "Discount": {
            "$numberInt": "15"
        },
        "Point": {
            "$numberInt": "1000"
        },
        "Status": true
    },
    {
        "RankID": "Unknown",
        "RankName": "Unknown",
        "Discount": {
            "$numberInt": "0"
        },
        "Status": true
    }
]